date,region,category,salesperson,units_sold,revenue
2024-01-01,East,Clothing,Bob,16,439.28
2024-01-01,West,Toys,Bob,20,321.0
2024-01-01,North,Furniture,Ethan,8,263.55
2024-01-01,North,Toys,Ethan,5,386.02
2024-01-01,West,Toys,Charlie,2,196.88
2024-01-01,East,Clothing,Alice,5,311.48
2024-01-01,South,Clothing,Ethan,14,398.18
2024-01-01,South,Electronics,Diana,6,183.77
2024-01-01,East,Groceries,Alice,14,139.17
2024-01-01,South,Furniture,Charlie,5,383.33
2024-01-02,North,Groceries,Diana,15,197.4
2024-01-02,South,Toys,Ethan,5,77.01
2024-01-02,North,Toys,Diana,17,211.4
2024-01-02,South,Toys,Alice,13,196.76
2024-01-02,East,Toys,Bob,12,411.93
2024-01-02,East,Electronics,Diana,17,400.62
2024-01-02,West,Clothing,Bob,9,280.81
2024-01-02,East,Groceries,Charlie,16,116.35
2024-01-03,East,Electronics,Bob,10,374.61
2024-01-03,West,Electronics,Ethan,8,104.92
2024-01-03,East,Toys,Diana,7,169.53
2024-01-03,South,Groceries,Diana,19,151.46
2024-01-03,South,Electronics,Charlie,8,397.4
2024-01-03,East,Clothing,Ethan,18,485.76
2024-01-03,North,Electronics,Bob,2,62.14
2024-01-03,West,Furniture,Diana,4,312.56
2024-01-03,South,Electronics,Alice,7,223.61
2024-01-03,North,Electronics,Diana,11,343.16
2024-01-04,South,Groceries,Ethan,2,420.35
2024-01-04,West,Groceries,Bob,1,250.68
2024-01-04,North,Groceries,Bob,16,47.86
2024-01-04,North,Toys,Ethan,2,113.94
2024-01-04,East,Groceries,Bob,5,96.71
2024-01-04,West,Electronics,Alice,14,325.85
2024-01-04,South,Groceries,Diana,20,482.63
2024-01-04,East,Groceries,Charlie,11,450.52
2024-01-04,West,Clothing,Alice,13,78.27
2024-01-04,North,Clothing,Ethan,14,444.74
2024-01-05,West,Electronics,Diana,17,498.58
2024-01-05,East,Electronics,Diana,3,157.62
2024-01-05,South,Toys,Charlie,10,218.91
2024-01-05,North,Groceries,Ethan,20,27.81
2024-01-05,West,Furniture,Bob,6,205.71
2024-01-05,North,Groceries,Ethan,10,403.0
2024-01-05,East,Furniture,Ethan,20,23.62
2024-01-05,North,Toys,Bob,14,76.62
2024-01-05,West,Electronics,Charlie,15,327.77
2024-01-05,North,Furniture,Alice,14,386.39
2024-01-06,East,Toys,Charlie,14,420.71
2024-01-06,East,Furniture,Alice,9,142.8
2024-01-06,South,Clothing,Diana,13,446.7
2024-01-06,North,Toys,Alice,18,363.8
2024-01-06,West,Clothing,Alice,17,322.58
2024-01-06,South,Clothing,Charlie,1,149.24
2024-01-06,East,Electronics,Charlie,15,79.67
2024-01-06,East,Clothing,Ethan,10,326.45
2024-01-07,South,Clothing,Ethan,14,484.49
2024-01-07,East,Toys,Charlie,5,351.14
2024-01-07,South,Furniture,Charlie,7,176.34
2024-01-07,East,Furniture,Diana,8,390.63
2024-01-07,East,Clothing,Diana,20,426.13
2024-01-07,West,Furniture,Alice,10,350.68
2024-01-07,West,Groceries,Diana,9,408.6
2024-01-08,East,Clothing,Alice,2,266.89
2024-01-08,North,Groceries,Ethan,17,352.22
2024-01-08,North,Toys,Ethan,3,56.88
2024-01-08,East,Furniture,Alice,13,399.84
2024-01-08,South,Groceries,Alice,9,476.03
2024-01-08,East,Furniture,Diana,8,401.14
2024-01-08,North,Groceries,Diana,6,320.93
2024-01-08,West,Toys,Charlie,16,142.18
2024-01-08,East,Clothing,Bob,1,87.37
2024-01-09,West,Electronics,Bob,5,171.0
2024-01-09,East,Clothing,Charlie,14,228.3
2024-01-09,North,Toys,Charlie,4,490.26
2024-01-09,East,Clothing,Ethan,10,68.35
2024-01-09,West,Furniture,Alice,9,352.59
2024-01-09,South,Clothing,Alice,19,359.38
2024-01-09,South,Clothing,Alice,16,64.9
2024-01-09,West,Groceries,Bob,8,318.12
2024-01-09,West,Toys,Bob,3,177.45
2024-01-09,East,Clothing,Ethan,20,99.04
2024-01-10,West,Electronics,Bob,10,471.66
2024-01-10,East,Electronics,Charlie,8,420.23
2024-01-10,South,Clothing,Bob,11,189.21
2024-01-10,West,Groceries,Ethan,20,174.43
2024-01-10,East,Groceries,Charlie,13,348.13
2024-01-10,East,Furniture,Charlie,12,339.53
2024-01-10,South,Clothing,Ethan,18,104.48
2024-01-11,North,Furniture,Diana,14,336.75
2024-01-11,West,Electronics,Bob,10,277.33
2024-01-11,North,Furniture,Charlie,17,150.3
2024-01-11,South,Furniture,Bob,3,82.31
2024-01-11,West,Clothing,Diana,5,198.68
2024-01-11,West,Electronics,Ethan,20,378.79
2024-01-11,South,Furniture,Ethan,3,172.27
2024-01-11,East,Clothing,Bob,18,96.0
2024-01-12,East,Toys,Alice,17,407.83
2024-01-12,West,Clothing,Alice,16,137.25
2024-01-12,East,Groceries,Bob,9,92.42
2024-01-12,West,Clothing,Bob,15,495.21
2024-01-12,North,Toys,Alice,17,321.57
2024-01-12,East,Toys,Ethan,15,232.54
2024-01-12,East,Electronics,Diana,5,315.49
2024-01-12,North,Furniture,Charlie,4,245.67
2024-01-13,South,Groceries,Charlie,5,132.2
2024-01-13,South,Groceries,Diana,10,145.32
2024-01-13,East,Groceries,Charlie,18,134.77
2024-01-13,South,Toys,Diana,1,331.14
2024-01-13,East,Groceries,Diana,1,119.52
2024-01-13,East,Groceries,Bob,13,156.83
2024-01-14,North,Groceries,Diana,12,76.61
2024-01-14,West,Groceries,Diana,3,407.15
2024-01-14,North,Electronics,Ethan,11,131.63
2024-01-14,West,Electronics,Alice,2,62.76
2024-01-14,North,Clothing,Alice,17,266.05
2024-01-14,South,Clothing,Charlie,15,415.66
2024-01-14,West,Furniture,Charlie,8,119.3
2024-01-14,West,Groceries,Diana,13,42.86
2024-01-15,West,Toys,Ethan,18,148.42
2024-01-15,North,Clothing,Bob,17,58.64
2024-01-15,North,Electronics,Charlie,11,28.87
2024-01-15,West,Groceries,Bob,2,65.51
2024-01-15,South,Groceries,Charlie,19,239.93
2024-01-15,South,Furniture,Bob,1,76.03
2024-01-15,East,Electronics,Ethan,17,35.07
2024-01-15,West,Toys,Diana,13,136.39
2024-01-16,East,Clothing,Charlie,7,208.92
2024-01-16,North,Toys,Bob,19,40.16
2024-01-16,West,Groceries,Charlie,12,86.85
2024-01-16,North,Furniture,Bob,4,109.83
2024-01-16,East,Furniture,Charlie,13,248.88
2024-01-16,East,Toys,Alice,7,133.3
2024-01-16,South,Groceries,Diana,6,313.44
2024-01-16,South,Toys,Alice,17,404.37
2024-01-16,South,Clothing,Bob,7,193.53
2024-01-16,North,Groceries,Alice,13,218.66
2024-01-17,East,Clothing,Charlie,10,116.39
2024-01-17,South,Toys,Ethan,5,102.64
2024-01-17,East,Groceries,Bob,16,207.11
2024-01-17,North,Toys,Diana,5,209.84
2024-01-17,East,Groceries,Diana,9,386.7
2024-01-18,South,Electronics,Ethan,1,111.73
2024-01-18,South,Toys,Ethan,12,484.79
2024-01-18,West,Clothing,Ethan,5,39.65
2024-01-18,East,Groceries,Charlie,14,225.05
2024-01-18,North,Groceries,Alice,11,489.17
2024-01-18,East,Electronics,Bob,10,404.1
2024-01-18,South,Furniture,Diana,18,125.04
2024-01-18,East,Groceries,Alice,7,161.73
2024-01-18,South,Groceries,Charlie,5,77.82
2024-01-18,West,Furniture,Bob,18,295.74
2024-01-19,North,Electronics,Bob,11,344.51
2024-01-19,North,Groceries,Bob,16,144.63
2024-01-19,South,Furniture,Bob,15,47.05
2024-01-19,South,Groceries,Diana,11,22.13
2024-01-19,West,Groceries,Alice,10,265.33
2024-01-19,South,Clothing,Bob,11,87.55
2024-01-19,South,Toys,Diana,7,201.4
2024-01-19,South,Clothing,Bob,20,435.9
2024-01-19,West,Groceries,Charlie,12,255.37
2024-01-20,South,Toys,Charlie,7,396.64
2024-01-20,West,Toys,Charlie,10,182.84
2024-01-20,West,Groceries,Bob,20,56.09
2024-01-20,South,Clothing,Bob,16,254.71
2024-01-20,South,Furniture,Charlie,9,174.49
2024-01-20,South,Groceries,Alice,5,202.99
2024-01-21,West,Toys,Alice,1,488.98
2024-01-21,North,Groceries,Alice,6,375.14
2024-01-21,North,Furniture,Alice,2,478.02
2024-01-21,South,Electronics,Alice,18,245.35
2024-01-21,North,Toys,Diana,16,391.11
2024-01-21,East,Clothing,Diana,4,387.27
2024-01-21,West,Electronics,Alice,15,293.68
2024-01-21,West,Furniture,Charlie,20,44.97
2024-01-22,North,Groceries,Ethan,14,211.01
2024-01-22,West,Toys,Ethan,1,494.26
2024-01-22,East,Furniture,Charlie,16,94.39
2024-01-22,North,Clothing,Bob,7,320.45
2024-01-22,North,Groceries,Diana,14,276.8
2024-01-22,South,Toys,Ethan,5,218.42
2024-01-22,East,Electronics,Charlie,4,128.97
2024-01-22,West,Clothing,Ethan,8,439.56
2024-01-23,East,Clothing,Alice,2,231.63
2024-01-23,North,Electronics,Alice,11,396.42
2024-01-23,East,Furniture,Ethan,14,413.46
2024-01-23,West,Furniture,Ethan,15,448.54
2024-01-23,North,Toys,Bob,11,174.94
2024-01-23,North,Electronics,Bob,9,466.26
2024-01-23,West,Electronics,Bob,16,73.2
2024-01-23,South,Furniture,Alice,8,327.95
2024-01-23,South,Furniture,Alice,4,412.54
2024-01-24,North,Furniture,Diana,15,107.83
2024-01-24,East,Furniture,Ethan,2,476.51
2024-01-24,East,Furniture,Alice,9,78.66
2024-01-24,North,Furniture,Alice,7,105.77
2024-01-24,North,Toys,Alice,4,322.94
2024-01-24,West,Electronics,Charlie,4,308.3
2024-01-24,North,Furniture,Charlie,2,139.82
2024-01-24,North,Toys,Charlie,4,146.08
2024-01-24,West,Furniture,Diana,14,383.99
2024-01-24,South,Electronics,Charlie,19,350.19
2024-01-25,East,Electronics,Alice,18,104.1
2024-01-25,North,Electronics,Bob,5,421.11
2024-01-25,North,Toys,Ethan,17,43.92
2024-01-25,East,Clothing,Ethan,20,388.0
2024-01-25,North,Groceries,Bob,9,412.01
2024-01-25,West,Toys,Bob,20,249.65
2024-01-26,North,Toys,Charlie,10,55.45
2024-01-26,North,Electronics,Diana,1,351.59
2024-01-26,North,Toys,Charlie,20,354.86
2024-01-26,South,Clothing,Diana,16,396.51
2024-01-26,North,Furniture,Bob,14,256.81
2024-01-26,East,Furniture,Diana,8,271.67
2024-01-26,South,Furniture,Ethan,8,21.34
2024-01-26,West,Electronics,Diana,8,89.11
2024-01-26,West,Clothing,Charlie,3,140.28
2024-01-26,West,Furniture,Charlie,6,95.45
2024-01-27,East,Clothing,Charlie,3,193.74
2024-01-27,West,Furniture,Diana,2,214.72
2024-01-27,North,Groceries,Ethan,3,402.81
2024-01-27,North,Electronics,Bob,17,460.63
2024-01-27,East,Toys,Diana,11,390.9
2024-01-27,East,Groceries,Charlie,17,111.76
2024-01-28,South,Clothing,Ethan,15,387.0
2024-01-28,West,Groceries,Diana,14,188.27
2024-01-28,North,Toys,Charlie,7,64.6
2024-01-28,West,Toys,Alice,10,265.6
2024-01-28,East,Furniture,Diana,1,65.92
2024-01-28,East,Electronics,Alice,4,369.35
2024-01-29,South,Clothing,Bob,3,277.87
2024-01-29,West,Clothing,Alice,9,162.91
2024-01-29,West,Furniture,Ethan,16,73.12
2024-01-29,West,Toys,Diana,4,192.71
2024-01-29,West,Furniture,Alice,7,222.09
2024-01-29,South,Clothing,Charlie,15,384.93
2024-01-29,North,Electronics,Ethan,3,140.05
2024-01-29,West,Groceries,Alice,9,112.48
2024-01-29,East,Electronics,Alice,11,95.36
2024-01-29,West,Furniture,Alice,9,202.15
2024-01-30,East,Groceries,Bob,20,292.43
2024-01-30,West,Groceries,Diana,9,49.16
2024-01-30,West,Electronics,Alice,2,171.03
2024-01-30,East,Furniture,Charlie,15,295.33
2024-01-30,South,Toys,Bob,12,273.61
2024-01-31,North,Clothing,Alice,17,456.55
2024-01-31,South,Groceries,Diana,1,33.02
2024-01-31,East,Furniture,Diana,1,233.65
2024-01-31,West,Toys,Bob,16,84.81
2024-01-31,South,Toys,Charlie,4,304.14
2024-01-31,South,Clothing,Bob,20,277.61
2024-01-31,South,Toys,Diana,11,36.32
2024-01-31,East,Furniture,Bob,8,133.08
2024-01-31,West,Toys,Ethan,5,257.54
2024-01-31,East,Electronics,Bob,14,248.61
2024-02-01,East,Toys,Charlie,14,237.57
2024-02-01,South,Furniture,Ethan,5,181.42
2024-02-01,West,Electronics,Ethan,6,120.06
2024-02-01,East,Clothing,Ethan,1,369.06
2024-02-01,West,Furniture,Diana,9,45.97
2024-02-01,South,Clothing,Ethan,20,270.43
2024-02-01,South,Toys,Charlie,15,251.95
2024-02-02,North,Groceries,Diana,4,338.96
2024-02-02,North,Clothing,Diana,19,410.88
2024-02-02,South,Furniture,Diana,7,178.21
2024-02-02,North,Clothing,Charlie,19,381.74
2024-02-02,South,Toys,Charlie,3,423.49
2024-02-02,East,Electronics,Alice,8,140.63
2024-02-02,East,Electronics,Alice,11,35.77
2024-02-02,South,Toys,Alice,10,238.24
2024-02-03,East,Electronics,Alice,5,294.61
2024-02-03,East,Furniture,Diana,12,92.0
2024-02-03,West,Clothing,Charlie,17,64.69
2024-02-03,East,Toys,Charlie,12,411.63
2024-02-03,East,Clothing,Ethan,17,392.47
2024-02-03,East,Groceries,Charlie,1,336.55
2024-02-03,North,Toys,Charlie,7,68.77
2024-02-03,West,Electronics,Ethan,4,128.69
2024-02-03,West,Furniture,Alice,12,128.51
2024-02-03,South,Furniture,Diana,15,391.57
2024-02-04,South,Clothing,Alice,15,155.27
2024-02-04,South,Toys,Charlie,17,389.4
2024-02-04,South,Toys,Charlie,10,362.22
2024-02-04,West,Clothing,Alice,20,68.92
2024-02-04,South,Electronics,Alice,6,340.34
2024-02-05,East,Electronics,Bob,15,447.6
2024-02-05,North,Toys,Bob,9,69.19
2024-02-05,South,Furniture,Alice,12,265.86
2024-02-05,East,Groceries,Ethan,10,451.56
2024-02-05,North,Groceries,Bob,5,497.83
2024-02-05,East,Groceries,Charlie,2,133.48
2024-02-05,South,Clothing,Ethan,6,276.84
2024-02-06,East,Furniture,Diana,20,253.44
2024-02-06,South,Toys,Charlie,10,427.62
2024-02-06,North,Toys,Ethan,9,368.52
2024-02-06,West,Electronics,Charlie,15,495.13
2024-02-06,East,Furniture,Ethan,20,109.13
2024-02-06,South,Toys,Charlie,9,190.22
2024-02-06,East,Clothing,Charlie,14,239.26
2024-02-06,North,Toys,Ethan,10,237.95
2024-02-06,North,Groceries,Diana,4,136.04
2024-02-06,West,Furniture,Ethan,19,495.4
2024-02-07,South,Furniture,Bob,1,175.07
2024-02-07,East,Groceries,Ethan,20,156.59
2024-02-07,South,Clothing,Charlie,12,234.4
2024-02-07,North,Electronics,Diana,6,288.08
2024-02-07,North,Clothing,Diana,9,39.72
2024-02-07,South,Electronics,Ethan,7,55.42
2024-02-07,North,Electronics,Alice,10,482.41
2024-02-07,North,Furniture,Charlie,17,236.53
2024-02-07,East,Furniture,Ethan,1,395.97
2024-02-08,North,Electronics,Bob,10,250.73
2024-02-08,East,Toys,Bob,10,159.03
2024-02-08,North,Furniture,Charlie,9,194.48
2024-02-08,West,Furniture,Charlie,20,316.63
2024-02-08,South,Clothing,Ethan,20,251.04
2024-02-08,West,Furniture,Alice,13,374.21
2024-02-08,South,Electronics,Diana,7,371.54
2024-02-08,West,Clothing,Charlie,20,307.77
2024-02-08,East,Groceries,Ethan,10,440.91
2024-02-09,South,Furniture,Diana,2,335.58
2024-02-09,South,Electronics,Charlie,10,468.37
2024-02-09,North,Groceries,Alice,5,65.89
2024-02-09,East,Groceries,Charlie,6,135.66
2024-02-09,West,Groceries,Bob,2,433.2
2024-02-09,East,Clothing,Ethan,17,57.53
2024-02-09,South,Clothing,Bob,1,316.37
2024-02-09,North,Furniture,Alice,12,259.41
2024-02-09,North,Furniture,Charlie,14,262.63
2024-02-09,East,Toys,Alice,16,60.5
2024-02-10,West,Groceries,Diana,15,27.22
2024-02-10,West,Furniture,Bob,12,52.44
2024-02-10,South,Clothing,Bob,7,147.87
2024-02-10,South,Furniture,Charlie,17,186.11
2024-02-10,South,Furniture,Bob,2,474.96
2024-02-10,West,Furniture,Ethan,4,30.55
2024-02-10,South,Toys,Charlie,15,428.6
2024-02-11,South,Furniture,Bob,18,304.15
2024-02-11,North,Electronics,Diana,9,297.58
2024-02-11,West,Electronics,Bob,14,476.03
2024-02-11,North,Clothing,Alice,9,26.28
2024-02-11,North,Furniture,Charlie,2,49.75
2024-02-11,West,Toys,Charlie,13,154.25
2024-02-11,West,Groceries,Ethan,12,221.21
2024-02-11,West,Electronics,Bob,16,305.81
2024-02-11,West,Electronics,Bob,4,370.88
2024-02-11,North,Toys,Bob,12,447.13
2024-02-12,North,Electronics,Alice,8,31.93
2024-02-12,North,Toys,Bob,10,320.19
2024-02-12,South,Groceries,Ethan,7,111.3
2024-02-12,North,Toys,Ethan,9,202.47
2024-02-12,West,Electronics,Bob,1,327.28
2024-02-12,South,Electronics,Ethan,1,348.84
2024-02-12,North,Electronics,Alice,17,129.62
2024-02-12,North,Groceries,Bob,9,116.14
2024-02-12,East,Clothing,Alice,4,450.74
2024-02-12,North,Groceries,Diana,18,155.94
2024-02-13,West,Electronics,Charlie,12,33.41
2024-02-13,East,Toys,Charlie,16,135.11
2024-02-13,South,Clothing,Alice,16,259.93
2024-02-13,East,Toys,Alice,20,336.45
2024-02-13,West,Groceries,Charlie,19,43.99
2024-02-13,East,Groceries,Alice,13,284.17
2024-02-13,East,Clothing,Bob,18,303.38
2024-02-14,North,Furniture,Bob,5,177.32
2024-02-14,South,Toys,Alice,20,225.99
2024-02-14,West,Clothing,Charlie,2,368.79
2024-02-14,South,Electronics,Diana,7,125.89
2024-02-14,West,Toys,Alice,15,29.64
2024-02-15,South,Clothing,Alice,18,498.95
2024-02-15,South,Electronics,Bob,15,377.85
2024-02-15,North,Toys,Charlie,3,386.25
2024-02-15,South,Furniture,Diana,10,485.5
2024-02-15,West,Toys,Diana,14,206.37
2024-02-15,North,Furniture,Charlie,12,368.37
2024-02-15,West,Electronics,Diana,18,390.46
2024-02-15,East,Toys,Bob,9,460.21
2024-02-16,South,Toys,Alice,16,243.6
2024-02-16,West,Groceries,Ethan,14,178.72
2024-02-16,East,Electronics,Alice,6,101.3
2024-02-16,West,Furniture,Charlie,14,44.25
2024-02-16,West,Electronics,Alice,17,232.99
2024-02-16,North,Electronics,Charlie,19,407.54
2024-02-16,East,Groceries,Ethan,11,380.22
2024-02-16,South,Groceries,Bob,2,378.9
2024-02-16,West,Furniture,Alice,8,180.79
2024-02-16,West,Groceries,Charlie,7,119.01
2024-02-17,South,Toys,Bob,14,323.51
2024-02-17,East,Furniture,Diana,12,113.92
2024-02-17,East,Furniture,Bob,7,128.77
2024-02-17,South,Furniture,Alice,6,45.02
2024-02-17,West,Toys,Ethan,8,97.33
2024-02-17,South,Toys,Diana,19,460.67
2024-02-17,South,Groceries,Ethan,11,42.02
2024-02-17,West,Clothing,Alice,9,363.65
2024-02-17,South,Furniture,Charlie,4,189.08
2024-02-18,South,Toys,Ethan,12,60.22
2024-02-18,South,Clothing,Charlie,13,348.36
2024-02-18,East,Clothing,Bob,5,144.5
2024-02-18,North,Toys,Alice,2,342.45
2024-02-18,South,Toys,Diana,7,465.23
2024-02-18,West,Groceries,Ethan,5,188.41
2024-02-18,East,Clothing,Ethan,18,490.25
2024-02-18,East,Groceries,Ethan,19,106.47
2024-02-18,East,Electronics,Bob,9,338.15
2024-02-19,West,Electronics,Diana,3,237.22
2024-02-19,East,Electronics,Charlie,17,312.78
2024-02-19,West,Groceries,Alice,9,353.22
2024-02-19,East,Toys,Ethan,11,207.42
2024-02-19,North,Electronics,Charlie,15,456.28
2024-02-19,West,Electronics,Ethan,13,303.47
2024-02-19,West,Electronics,Diana,10,300.6
2024-02-19,West,Toys,Ethan,5,126.25
2024-02-20,North,Toys,Diana,3,115.12
2024-02-20,South,Clothing,Diana,12,187.07
2024-02-20,North,Furniture,Bob,10,404.68
2024-02-20,East,Electronics,Bob,8,247.11
2024-02-20,West,Groceries,Bob,19,339.78
2024-02-20,West,Furniture,Ethan,3,299.06
2024-02-20,North,Electronics,Diana,7,369.24
2024-02-20,North,Furniture,Bob,16,155.34
2024-02-20,North,Clothing,Bob,20,401.16
2024-02-20,South,Groceries,Ethan,12,333.04
2024-02-21,West,Electronics,Bob,14,77.34
2024-02-21,South,Toys,Charlie,10,90.11
2024-02-21,South,Toys,Ethan,6,168.15
2024-02-21,North,Electronics,Diana,18,400.36
2024-02-21,North,Toys,Diana,3,274.81
2024-02-21,South,Electronics,Ethan,19,425.22
2024-02-21,South,Furniture,Alice,9,161.61
2024-02-21,East,Electronics,Bob,12,414.38
2024-02-21,East,Groceries,Bob,8,326.24
2024-02-21,South,Electronics,Diana,18,385.09
2024-02-22,North,Electronics,Bob,8,136.33
2024-02-22,East,Toys,Diana,15,443.37
2024-02-22,East,Groceries,Diana,2,390.1
2024-02-22,West,Groceries,Alice,9,460.16
2024-02-22,East,Electronics,Ethan,2,421.58
2024-02-22,East,Toys,Diana,1,317.7
2024-02-22,East,Groceries,Diana,4,133.31
2024-02-22,East,Toys,Bob,17,259.9
2024-02-23,North,Furniture,Bob,8,106.12
2024-02-23,North,Groceries,Ethan,19,386.16
2024-02-23,South,Groceries,Ethan,16,407.06
2024-02-23,North,Clothing,Alice,18,264.36
2024-02-23,East,Clothing,Ethan,18,356.33
2024-02-23,East,Electronics,Alice,14,433.79
2024-02-23,North,Clothing,Ethan,16,383.98
2024-02-23,North,Furniture,Charlie,3,455.66
2024-02-23,West,Groceries,Bob,2,397.4
2024-02-24,East,Clothing,Bob,11,45.3
2024-02-24,South,Clothing,Alice,6,161.1
2024-02-24,West,Clothing,Bob,11,36.98
2024-02-24,West,Furniture,Bob,20,77.95
2024-02-24,South,Groceries,Charlie,17,417.49
2024-02-25,South,Groceries,Alice,10,494.98
2024-02-25,West,Groceries,Diana,14,318.98
2024-02-25,West,Clothing,Alice,14,210.57
2024-02-25,South,Electronics,Charlie,7,472.91
2024-02-25,North,Electronics,Diana,19,341.41
2024-02-25,North,Furniture,Diana,8,71.23
2024-02-25,North,Electronics,Diana,6,144.62
2024-02-25,West,Toys,Alice,7,261.6
2024-02-25,East,Electronics,Alice,16,446.42
2024-02-26,North,Groceries,Alice,13,456.93
2024-02-26,North,Toys,Diana,1,484.13
2024-02-26,West,Furniture,Alice,5,102.63
2024-02-26,West,Furniture,Diana,14,137.9
2024-02-26,North,Electronics,Bob,1,405.51
2024-02-27,East,Toys,Diana,19,309.21
2024-02-27,North,Furniture,Diana,11,469.23
2024-02-27,West,Groceries,Charlie,11,161.82
2024-02-27,East,Groceries,Alice,16,76.9
2024-02-27,East,Clothing,Alice,13,324.78
2024-02-27,East,Electronics,Ethan,15,387.71
2024-02-27,West,Electronics,Bob,5,210.75
2024-02-28,East,Groceries,Charlie,6,239.43
2024-02-28,West,Toys,Alice,4,97.71
2024-02-28,East,Clothing,Diana,3,438.49
2024-02-28,West,Groceries,Charlie,12,359.06
2024-02-28,South,Furniture,Ethan,2,265.44
2024-02-28,South,Groceries,Diana,1,463.67
2024-02-28,North,Toys,Ethan,20,98.86
2024-02-29,West,Toys,Charlie,5,64.88
2024-02-29,West,Clothing,Charlie,13,406.62
2024-02-29,North,Clothing,Ethan,10,453.0
2024-02-29,West,Furniture,Charlie,1,233.1
2024-02-29,East,Electronics,Alice,13,457.8
2024-03-01,West,Groceries,Diana,14,146.22
2024-03-01,East,Clothing,Diana,4,325.93
2024-03-01,South,Clothing,Alice,1,121.87
2024-03-01,North,Toys,Charlie,9,26.2
2024-03-01,West,Groceries,Diana,4,385.82
2024-03-01,West,Electronics,Bob,16,128.47
2024-03-02,North,Furniture,Diana,15,488.41
2024-03-02,North,Furniture,Charlie,18,423.34
2024-03-02,South,Electronics,Ethan,5,314.91
2024-03-02,West,Groceries,Alice,14,21.09
2024-03-02,East,Toys,Ethan,11,78.03
2024-03-02,West,Furniture,Ethan,1,219.3
2024-03-02,West,Toys,Diana,10,422.58
2024-03-03,East,Furniture,Bob,9,362.79
2024-03-03,East,Clothing,Alice,17,104.97
2024-03-03,North,Furniture,Ethan,20,375.49
2024-03-03,East,Furniture,Bob,15,315.9
2024-03-03,West,Clothing,Charlie,15,360.87
2024-03-04,South,Clothing,Diana,1,197.04
2024-03-04,South,Clothing,Diana,18,268.87
2024-03-04,East,Toys,Bob,9,487.95
2024-03-04,East,Electronics,Charlie,4,262.93
2024-03-04,West,Clothing,Diana,19,315.63
2024-03-04,West,Furniture,Diana,8,161.39
2024-03-04,West,Electronics,Ethan,3,181.45
2024-03-04,East,Electronics,Bob,12,273.37
2024-03-04,South,Clothing,Alice,8,307.93
2024-03-05,North,Groceries,Bob,14,416.44
2024-03-05,West,Electronics,Bob,16,447.07
2024-03-05,South,Furniture,Diana,9,491.68
2024-03-05,West,Furniture,Charlie,1,367.26
2024-03-05,North,Electronics,Diana,5,422.48
2024-03-05,South,Electronics,Charlie,4,279.92
2024-03-05,North,Furniture,Bob,1,57.65
2024-03-05,West,Furniture,Charlie,12,422.39
2024-03-06,South,Groceries,Bob,13,401.59
2024-03-06,South,Toys,Alice,5,383.63
2024-03-06,West,Groceries,Diana,4,213.33
2024-03-06,South,Groceries,Charlie,15,438.64
2024-03-06,South,Furniture,Ethan,14,291.74
2024-03-07,North,Toys,Diana,11,196.81
2024-03-07,West,Furniture,Bob,19,385.71
2024-03-07,West,Clothing,Alice,11,210.44
2024-03-07,South,Electronics,Alice,8,177.18
2024-03-07,West,Furniture,Diana,1,212.46
2024-03-07,South,Furniture,Alice,1,225.44
2024-03-07,East,Toys,Bob,15,101.24
2024-03-07,West,Toys,Ethan,14,262.78
2024-03-07,East,Clothing,Alice,11,298.77
2024-03-08,West,Toys,Diana,18,329.69
2024-03-08,West,Groceries,Alice,17,130.89
2024-03-08,West,Electronics,Alice,2,250.24
2024-03-08,East,Toys,Charlie,11,415.46
2024-03-08,South,Groceries,Diana,9,259.06
2024-03-08,North,Electronics,Ethan,7,125.79
2024-03-08,East,Furniture,Diana,20,266.11
2024-03-08,South,Furniture,Bob,16,366.2
2024-03-08,East,Electronics,Diana,5,213.79
2024-03-08,East,Electronics,Charlie,5,453.87
2024-03-09,East,Toys,Charlie,13,190.91
2024-03-09,East,Groceries,Charlie,18,384.62
2024-03-09,East,Electronics,Charlie,17,46.51
2024-03-09,North,Clothing,Charlie,13,113.44
2024-03-09,North,Groceries,Diana,7,71.75
2024-03-09,South,Clothing,Bob,6,125.61
2024-03-09,East,Electronics,Charlie,13,97.04
2024-03-09,West,Clothing,Charlie,9,243.66
2024-03-09,South,Electronics,Alice,16,189.38
2024-03-10,South,Groceries,Diana,18,127.47
2024-03-10,West,Electronics,Alice,18,227.15
2024-03-10,East,Electronics,Diana,9,403.0
2024-03-10,North,Groceries,Charlie,5,379.25
2024-03-10,South,Electronics,Bob,16,232.83
2024-03-10,West,Clothing,Diana,13,241.62
2024-03-10,South,Furniture,Diana,18,135.54
2024-03-10,West,Furniture,Bob,13,166.18
2024-03-11,North,Groceries,Charlie,9,153.6
2024-03-11,West,Furniture,Alice,20,138.58
2024-03-11,North,Clothing,Charlie,19,75.93
2024-03-11,North,Furniture,Bob,8,254.98
2024-03-11,North,Electronics,Ethan,3,295.96
2024-03-11,West,Toys,Ethan,8,211.45
2024-03-11,East,Electronics,Ethan,20,129.62
2024-03-11,South,Toys,Bob,5,85.42
2024-03-12,East,Clothing,Ethan,17,312.93
2024-03-12,North,Furniture,Bob,6,297.19
2024-03-12,East,Furniture,Alice,13,384.0
2024-03-12,West,Toys,Ethan,1,231.02
2024-03-12,South,Groceries,Diana,12,374.02
2024-03-13,East,Toys,Ethan,13,42.91
2024-03-13,North,Groceries,Charlie,4,348.86
2024-03-13,North,Furniture,Alice,6,360.3
2024-03-13,North,Toys,Alice,11,63.34
2024-03-13,North,Electronics,Alice,19,404.45
2024-03-14,South,Clothing,Diana,8,196.12
2024-03-14,South,Toys,Diana,1,344.82
2024-03-14,North,Furniture,Bob,10,146.42
2024-03-14,South,Furniture,Alice,5,446.09
2024-03-14,South,Groceries,Ethan,16,233.36
2024-03-14,West,Electronics,Alice,20,177.26
2024-03-15,East,Clothing,Alice,20,54.96
2024-03-15,South,Electronics,Bob,11,274.17
2024-03-15,South,Toys,Charlie,4,219.59
2024-03-15,North,Groceries,Bob,11,386.02
2024-03-15,South,Electronics,Bob,7,214.12
2024-03-16,West,Clothing,Charlie,5,466.82
2024-03-16,West,Toys,Bob,11,455.86
2024-03-16,West,Toys,Charlie,19,281.49
2024-03-16,West,Furniture,Alice,19,431.45
2024-03-16,South,Groceries,Diana,3,174.87
2024-03-16,South,Clothing,Charlie,17,379.77
2024-03-16,North,Groceries,Bob,12,408.51
2024-03-16,North,Furniture,Alice,1,125.67
2024-03-17,South,Electronics,Ethan,10,143.75
2024-03-17,West,Toys,Bob,2,175.42
2024-03-17,East,Toys,Charlie,1,97.49
2024-03-17,West,Electronics,Charlie,11,104.56
2024-03-17,West,Clothing,Alice,8,162.41
2024-03-18,South,Toys,Alice,9,461.55
2024-03-18,West,Electronics,Alice,13,109.29
2024-03-18,West,Furniture,Diana,15,291.52
2024-03-18,East,Toys,Alice,15,176.64
2024-03-18,North,Furniture,Diana,7,463.44
2024-03-18,South,Electronics,Bob,10,78.09
2024-03-18,East,Furniture,Bob,8,390.16
2024-03-18,West,Electronics,Ethan,11,414.82
2024-03-19,South,Electronics,Bob,4,390.64
2024-03-19,South,Furniture,Ethan,18,141.78
2024-03-19,South,Groceries,Charlie,3,477.8
2024-03-19,North,Electronics,Diana,13,27.55
2024-03-19,West,Clothing,Charlie,16,156.28
2024-03-20,East,Furniture,Bob,18,405.14
2024-03-20,North,Clothing,Diana,4,43.25
2024-03-20,East,Toys,Bob,5,170.45
2024-03-20,West,Clothing,Bob,2,281.41
2024-03-20,South,Toys,Diana,14,467.52
2024-03-20,North,Clothing,Diana,6,341.92
2024-03-20,East,Groceries,Charlie,14,297.13
2024-03-20,East,Furniture,Alice,20,135.29
2024-03-21,East,Clothing,Alice,10,409.65
2024-03-21,East,Furniture,Ethan,8,378.33
2024-03-21,North,Clothing,Diana,12,381.1
2024-03-21,West,Toys,Ethan,12,259.75
2024-03-21,North,Groceries,Ethan,18,369.13
2024-03-21,South,Toys,Bob,13,470.09
2024-03-21,East,Groceries,Ethan,10,429.8
2024-03-21,East,Furniture,Bob,13,385.49
2024-03-21,East,Electronics,Ethan,19,90.81
2024-03-22,North,Toys,Charlie,15,333.94
2024-03-22,West,Electronics,Ethan,16,236.96
2024-03-22,South,Electronics,Charlie,16,334.67
2024-03-22,South,Groceries,Ethan,10,193.23
2024-03-22,North,Clothing,Bob,19,51.5
2024-03-22,East,Electronics,Charlie,14,150.58
2024-03-22,South,Electronics,Diana,20,104.56
2024-03-22,West,Groceries,Ethan,12,86.85
2024-03-22,West,Electronics,Ethan,2,186.4
2024-03-23,West,Clothing,Alice,17,443.71
2024-03-23,North,Toys,Ethan,7,173.06
2024-03-23,North,Clothing,Charlie,16,360.21
2024-03-23,South,Clothing,Alice,9,67.82
2024-03-23,East,Groceries,Diana,1,87.72
2024-03-23,South,Furniture,Charlie,16,442.64
2024-03-23,North,Toys,Diana,20,170.12
2024-03-23,East,Furniture,Diana,11,272.78
2024-03-23,East,Electronics,Alice,5,390.49
2024-03-23,South,Toys,Ethan,2,344.43
2024-03-24,South,Toys,Bob,5,464.11
2024-03-24,North,Toys,Charlie,14,30.62
2024-03-24,East,Clothing,Charlie,6,438.47
2024-03-24,North,Toys,Diana,20,215.89
2024-03-24,South,Toys,Alice,5,311.86
2024-03-24,South,Clothing,Bob,5,228.46
2024-03-24,North,Groceries,Ethan,6,123.11
2024-03-24,West,Electronics,Alice,11,409.56
2024-03-24,East,Groceries,Charlie,4,143.88
2024-03-25,North,Toys,Ethan,13,363.62
2024-03-25,South,Electronics,Bob,4,73.73
2024-03-25,North,Groceries,Charlie,8,454.4
2024-03-25,West,Groceries,Ethan,6,463.22
2024-03-25,East,Toys,Diana,20,109.63
2024-03-25,South,Toys,Diana,19,391.23
2024-03-25,East,Electronics,Bob,15,167.71
2024-03-25,East,Furniture,Alice,13,336.59
2024-03-25,West,Toys,Alice,9,193.76
2024-03-25,South,Toys,Alice,11,20.5
2024-03-26,East,Toys,Charlie,3,196.79
2024-03-26,West,Clothing,Ethan,15,474.67
2024-03-26,East,Groceries,Alice,14,358.65
2024-03-26,West,Clothing,Ethan,18,188.11
2024-03-26,West,Toys,Ethan,1,245.06
2024-03-27,East,Clothing,Bob,18,143.94
2024-03-27,South,Furniture,Diana,10,353.71
2024-03-27,West,Furniture,Charlie,12,125.43
2024-03-27,North,Clothing,Alice,13,287.68
2024-03-27,East,Toys,Ethan,2,423.59
2024-03-27,South,Electronics,Diana,4,364.53
2024-03-27,South,Furniture,Diana,18,111.24
2024-03-27,South,Toys,Diana,19,421.41
2024-03-27,East,Groceries,Charlie,8,76.18
2024-03-28,East,Furniture,Diana,17,122.08
2024-03-28,East,Groceries,Alice,1,25.02
2024-03-28,North,Groceries,Ethan,6,315.89
2024-03-28,North,Electronics,Ethan,19,336.5
2024-03-28,North,Toys,Ethan,15,306.74
2024-03-28,South,Groceries,Ethan,10,162.0
2024-03-28,North,Clothing,Diana,1,494.51
2024-03-28,South,Electronics,Bob,14,365.16
2024-03-29,South,Toys,Diana,10,453.4
2024-03-29,East,Furniture,Ethan,4,208.28
2024-03-29,West,Electronics,Alice,15,202.68
2024-03-29,West,Clothing,Bob,11,269.21
2024-03-29,South,Clothing,Alice,11,59.08
2024-03-30,West,Toys,Ethan,4,37.55
2024-03-30,North,Toys,Diana,13,341.08
2024-03-30,North,Electronics,Bob,4,167.26
2024-03-30,East,Clothing,Diana,8,203.19
2024-03-30,South,Toys,Diana,16,91.93
2024-03-30,North,Toys,Bob,12,350.27
2024-03-30,East,Electronics,Diana,8,368.08
2024-03-30,South,Furniture,Ethan,11,331.18
2024-03-31,South,Furniture,Diana,3,347.91
2024-03-31,West,Groceries,Charlie,9,22.17
2024-03-31,West,Clothing,Diana,8,222.5
2024-03-31,South,Groceries,Charlie,8,193.06
2024-03-31,East,Electronics,Alice,9,238.07
2024-04-01,South,Electronics,Ethan,17,297.75
2024-04-01,North,Toys,Alice,2,398.45
2024-04-01,West,Furniture,Ethan,18,266.06
2024-04-01,East,Toys,Ethan,11,457.13
2024-04-01,North,Clothing,Diana,4,459.74
2024-04-01,West,Groceries,Bob,13,299.43
2024-04-02,West,Groceries,Diana,18,83.56
2024-04-02,North,Furniture,Bob,3,197.85
2024-04-02,West,Electronics,Alice,2,79.43
2024-04-02,North,Groceries,Diana,15,308.87
2024-04-02,East,Groceries,Diana,15,298.22
2024-04-02,West,Furniture,Charlie,6,219.66
2024-04-02,North,Electronics,Ethan,6,335.27
2024-04-02,East,Groceries,Ethan,6,316.52
2024-04-03,North,Clothing,Bob,8,81.7
2024-04-03,West,Groceries,Alice,20,443.04
2024-04-03,North,Groceries,Ethan,13,429.91
2024-04-03,East,Toys,Charlie,9,164.91
2024-04-03,North,Electronics,Diana,19,320.54
2024-04-03,North,Clothing,Alice,4,310.03
2024-04-03,East,Furniture,Bob,10,230.76
2024-04-04,North,Groceries,Alice,9,181.03
2024-04-04,East,Clothing,Diana,13,97.78
2024-04-04,North,Electronics,Bob,1,282.1
2024-04-04,West,Electronics,Bob,14,383.71
2024-04-04,East,Groceries,Charlie,5,181.4
2024-04-04,North,Furniture,Charlie,3,452.48
2024-04-04,South,Groceries,Bob,5,171.66
2024-04-04,South,Furniture,Diana,15,321.27
2024-04-04,West,Electronics,Bob,1,137.53
2024-04-05,East,Electronics,Diana,4,295.37
2024-04-05,West,Toys,Alice,2,326.48
2024-04-05,East,Furniture,Bob,16,400.17
2024-04-05,West,Clothing,Charlie,18,94.39
2024-04-05,East,Electronics,Alice,17,293.39
2024-04-05,North,Furniture,Ethan,18,496.75
2024-04-05,North,Electronics,Bob,9,344.89
2024-04-05,West,Furniture,Charlie,20,433.61
2024-04-06,South,Electronics,Ethan,19,79.44
2024-04-06,West,Furniture,Ethan,16,359.28
2024-04-06,East,Groceries,Diana,17,143.4
2024-04-06,West,Clothing,Alice,3,377.62
2024-04-06,North,Groceries,Alice,8,299.71
2024-04-06,South,Groceries,Bob,20,374.4
2024-04-07,East,Toys,Ethan,8,100.88
2024-04-07,North,Electronics,Ethan,13,25.49
2024-04-07,North,Clothing,Ethan,6,41.01
2024-04-07,South,Toys,Ethan,19,273.54
2024-04-07,North,Toys,Diana,15,239.24
2024-04-08,North,Groceries,Diana,14,203.78
2024-04-08,East,Groceries,Charlie,9,118.61
2024-04-08,West,Electronics,Diana,7,239.65
2024-04-08,North,Groceries,Alice,6,60.97
2024-04-08,West,Groceries,Alice,6,43.88
2024-04-09,East,Furniture,Alice,14,339.54
2024-04-09,West,Electronics,Bob,15,101.68
2024-04-09,West,Clothing,Diana,16,56.87
2024-04-09,South,Clothing,Diana,14,416.76
2024-04-09,North,Clothing,Ethan,15,66.99
2024-04-09,North,Clothing,Diana,15,318.02
2024-04-09,West,Furniture,Charlie,15,239.29
2024-04-09,West,Toys,Charlie,10,385.61
2024-04-09,West,Electronics,Bob,11,427.07
2024-04-09,North,Clothing,Ethan,2,238.13
2024-04-10,West,Toys,Bob,4,157.76
2024-04-10,East,Furniture,Bob,9,59.77
2024-04-10,West,Furniture,Diana,7,138.37
2024-04-10,North,Furniture,Alice,19,244.21
2024-04-10,South,Furniture,Charlie,7,408.91
2024-04-10,South,Groceries,Ethan,8,70.18
2024-04-10,North,Furniture,Ethan,5,49.12
2024-04-11,East,Groceries,Bob,12,498.82
2024-04-11,North,Clothing,Ethan,6,420.7
2024-04-11,North,Groceries,Bob,2,108.35
2024-04-11,East,Toys,Bob,7,394.33
2024-04-11,West,Electronics,Ethan,11,134.84
2024-04-11,West,Groceries,Diana,19,186.22
2024-04-11,South,Furniture,Charlie,3,112.35
2024-04-11,East,Clothing,Ethan,13,113.26
2024-04-11,South,Clothing,Diana,8,413.32
2024-04-12,South,Clothing,Bob,20,192.35
2024-04-12,North,Furniture,Diana,17,118.91
2024-04-12,South,Electronics,Diana,18,199.89
2024-04-12,West,Furniture,Bob,8,459.61
2024-04-12,West,Furniture,Bob,17,26.59
2024-04-12,South,Electronics,Diana,20,498.98
2024-04-12,North,Clothing,Alice,4,96.6
2024-04-12,North,Furniture,Charlie,14,497.98
2024-04-12,South,Furniture,Bob,6,401.4
2024-04-12,South,Furniture,Alice,4,72.55
2024-04-13,West,Electronics,Alice,4,203.5
2024-04-13,North,Groceries,Bob,4,64.03
2024-04-13,West,Groceries,Alice,11,50.09
2024-04-13,West,Toys,Ethan,17,371.35
2024-04-13,North,Electronics,Alice,10,80.97
2024-04-13,South,Toys,Bob,15,333.75
2024-04-14,East,Clothing,Charlie,17,124.79
2024-04-14,South,Electronics,Charlie,6,464.86
2024-04-14,South,Clothing,Alice,11,39.33
2024-04-14,South,Clothing,Alice,2,74.64
2024-04-14,East,Groceries,Diana,14,50.22
2024-04-15,South,Electronics,Ethan,5,111.47
2024-04-15,West,Furniture,Diana,18,446.53
2024-04-15,North,Groceries,Alice,2,299.65
2024-04-15,South,Electronics,Charlie,16,320.49
2024-04-15,South,Toys,Diana,6,147.28
2024-04-15,North,Toys,Alice,14,22.39
2024-04-15,South,Furniture,Ethan,7,204.49
2024-04-15,North,Groceries,Alice,1,176.21
2024-04-16,West,Groceries,Bob,20,287.85
2024-04-16,North,Groceries,Ethan,11,245.38
2024-04-16,West,Clothing,Bob,9,304.13
2024-04-16,East,Furniture,Diana,8,301.68
2024-04-16,East,Furniture,Ethan,4,183.04
2024-04-16,East,Groceries,Bob,19,288.24
2024-04-16,East,Clothing,Alice,10,301.56
2024-04-16,North,Furniture,Charlie,9,418.95
2024-04-16,South,Furniture,Ethan,12,404.42
2024-04-16,North,Toys,Bob,6,61.27
2024-04-17,East,Groceries,Alice,1,164.27
2024-04-17,West,Groceries,Alice,6,224.14
2024-04-17,West,Electronics,Alice,3,396.64
2024-04-17,North,Clothing,Charlie,15,492.98
2024-04-17,South,Toys,Charlie,1,39.82
2024-04-17,South,Electronics,Charlie,4,499.1
2024-04-18,South,Groceries,Charlie,7,364.91
2024-04-18,North,Furniture,Diana,16,361.67
2024-04-18,West,Groceries,Diana,19,340.39
2024-04-18,West,Clothing,Diana,16,381.72
2024-04-18,North,Clothing,Diana,8,172.1
2024-04-18,South,Clothing,Diana,12,301.09
2024-04-18,West,Electronics,Bob,20,456.36
2024-04-19,South,Furniture,Bob,13,64.53
2024-04-19,South,Furniture,Ethan,9,138.74
2024-04-19,East,Electronics,Ethan,17,151.16
2024-04-19,East,Electronics,Ethan,16,253.45
2024-04-19,North,Toys,Alice,17,309.05
2024-04-19,East,Electronics,Alice,4,59.39
2024-04-19,East,Toys,Ethan,19,282.8
2024-04-20,North,Toys,Ethan,8,148.31
2024-04-20,East,Furniture,Ethan,11,21.72
2024-04-20,West,Toys,Bob,18,251.37
2024-04-20,East,Groceries,Ethan,2,62.99
2024-04-20,South,Toys,Diana,14,127.98
2024-04-20,East,Electronics,Alice,8,283.67
2024-04-20,West,Groceries,Alice,7,61.45
2024-04-20,West,Clothing,Bob,20,267.69
2024-04-20,South,Toys,Diana,19,302.09
2024-04-20,North,Toys,Alice,2,35.48
2024-04-21,West,Toys,Alice,3,476.45
2024-04-21,North,Toys,Ethan,1,249.83
2024-04-21,South,Toys,Charlie,12,170.57
2024-04-21,North,Clothing,Charlie,14,293.1
2024-04-21,South,Groceries,Diana,7,418.61
2024-04-21,East,Toys,Diana,8,338.65
2024-04-21,East,Furniture,Bob,9,177.4
2024-04-21,East,Electronics,Alice,13,371.61
2024-04-21,East,Toys,Diana,7,144.28
2024-04-22,North,Clothing,Diana,10,497.59
2024-04-22,South,Electronics,Ethan,18,178.25
2024-04-22,South,Toys,Bob,4,485.09
2024-04-22,East,Electronics,Bob,5,427.21
2024-04-22,North,Furniture,Alice,17,423.11
2024-04-22,West,Furniture,Diana,3,449.27
2024-04-22,East,Clothing,Bob,5,152.18
2024-04-22,North,Electronics,Bob,7,253.77
2024-04-23,South,Toys,Alice,14,302.9
2024-04-23,West,Groceries,Bob,5,449.97
2024-04-23,West,Electronics,Alice,20,204.22
2024-04-23,North,Toys,Alice,12,426.17
2024-04-23,West,Toys,Bob,4,477.46
2024-04-23,West,Furniture,Diana,11,102.63
2024-04-23,North,Furniture,Charlie,10,441.36
2024-04-23,West,Furniture,Ethan,18,406.23
2024-04-23,North,Groceries,Charlie,17,283.0
2024-04-23,West,Furniture,Charlie,12,61.82
2024-04-24,North,Toys,Ethan,2,192.89
2024-04-24,West,Electronics,Alice,12,473.89
2024-04-24,South,Toys,Diana,11,85.66
2024-04-24,South,Electronics,Alice,1,137.22
2024-04-24,West,Toys,Alice,8,319.28
2024-04-24,East,Electronics,Diana,14,305.0
2024-04-24,South,Groceries,Bob,13,175.14
2024-04-24,North,Groceries,Ethan,18,492.95
2024-04-24,North,Electronics,Charlie,10,404.79
2024-04-25,South,Groceries,Bob,19,231.21
2024-04-25,North,Electronics,Alice,13,92.56
2024-04-25,East,Clothing,Ethan,10,58.15
2024-04-25,East,Toys,Charlie,19,176.39
2024-04-25,East,Electronics,Ethan,13,174.7
2024-04-25,South,Electronics,Ethan,2,149.4
2024-04-25,East,Toys,Charlie,17,497.91
2024-04-25,West,Clothing,Diana,8,104.42
2024-04-25,East,Groceries,Ethan,13,111.0
2024-04-25,West,Clothing,Ethan,14,128.43
2024-04-26,North,Electronics,Ethan,13,319.7
2024-04-26,West,Electronics,Bob,12,79.77
2024-04-26,North,Toys,Bob,15,315.58
2024-04-26,West,Toys,Charlie,17,469.75
2024-04-26,West,Electronics,Ethan,19,348.42
2024-04-27,East,Furniture,Bob,3,94.65
2024-04-27,East,Electronics,Diana,11,462.7
2024-04-27,South,Clothing,Charlie,18,33.58
2024-04-27,East,Clothing,Diana,9,70.68
2024-04-27,West,Clothing,Bob,16,138.6
2024-04-27,North,Groceries,Ethan,15,131.86
2024-04-27,West,Clothing,Ethan,14,52.86
2024-04-27,North,Furniture,Ethan,20,165.92
2024-04-28,North,Clothing,Bob,4,203.31
2024-04-28,East,Electronics,Alice,1,265.12
2024-04-28,West,Toys,Alice,17,214.7
2024-04-28,North,Electronics,Diana,2,39.83
2024-04-28,North,Electronics,Charlie,16,212.82
2024-04-29,East,Clothing,Ethan,19,465.59
2024-04-29,South,Furniture,Diana,10,77.95
2024-04-29,South,Electronics,Diana,15,418.5
2024-04-29,East,Toys,Alice,11,173.67
2024-04-29,East,Electronics,Charlie,13,286.83
2024-04-30,North,Furniture,Alice,19,288.69
2024-04-30,West,Toys,Alice,17,112.59
2024-04-30,South,Groceries,Charlie,17,416.58
2024-04-30,North,Furniture,Bob,2,112.37
2024-04-30,West,Furniture,Charlie,8,308.09
2024-04-30,West,Toys,Ethan,17,138.22
2024-04-30,West,Electronics,Bob,10,170.59
2024-04-30,East,Groceries,Charlie,12,419.92
2024-04-30,East,Toys,Diana,9,398.41
2024-04-30,North,Toys,Diana,17,235.35
2024-05-01,North,Furniture,Bob,4,374.2
2024-05-01,East,Electronics,Bob,5,234.51
2024-05-01,South,Electronics,Ethan,8,98.54
2024-05-01,West,Electronics,Diana,18,423.37
2024-05-01,North,Groceries,Bob,20,468.63
2024-05-01,North,Clothing,Diana,4,468.48
2024-05-01,North,Furniture,Bob,15,195.47
2024-05-02,West,Electronics,Alice,1,95.16
2024-05-02,South,Toys,Alice,12,237.95
2024-05-02,South,Clothing,Diana,2,464.06
2024-05-02,East,Electronics,Ethan,10,442.37
2024-05-02,South,Furniture,Alice,12,499.06
2024-05-02,North,Toys,Diana,16,206.81
2024-05-02,South,Electronics,Alice,6,355.68
2024-05-02,West,Clothing,Charlie,3,173.7
2024-05-02,North,Toys,Charlie,3,103.45
2024-05-03,South,Toys,Bob,14,91.66
2024-05-03,East,Toys,Charlie,1,187.88
2024-05-03,South,Toys,Charlie,4,195.19
2024-05-03,North,Electronics,Bob,17,132.38
2024-05-03,East,Toys,Bob,2,473.52
2024-05-03,North,Electronics,Ethan,9,125.17
2024-05-03,North,Furniture,Bob,7,485.61
2024-05-03,West,Toys,Charlie,7,303.45
2024-05-03,North,Clothing,Alice,4,334.09
2024-05-03,South,Electronics,Ethan,17,410.01
2024-05-04,East,Clothing,Charlie,9,49.12
2024-05-04,North,Toys,Charlie,9,99.0
2024-05-04,South,Groceries,Alice,15,449.16
2024-05-04,West,Furniture,Ethan,8,36.34
2024-05-04,North,Toys,Charlie,1,471.86
2024-05-04,East,Clothing,Diana,19,144.13
2024-05-04,East,Furniture,Diana,11,411.0
2024-05-04,East,Electronics,Ethan,9,205.7
2024-05-05,West,Clothing,Diana,15,285.52
2024-05-05,East,Clothing,Diana,3,248.75
2024-05-05,East,Groceries,Ethan,11,52.9
2024-05-05,South,Groceries,Charlie,11,97.54
2024-05-05,North,Groceries,Bob,17,218.88
2024-05-05,North,Toys,Alice,10,460.04
2024-05-05,South,Toys,Bob,6,232.19
2024-05-05,East,Furniture,Bob,11,424.78
2024-05-05,South,Toys,Bob,13,403.4
2024-05-05,North,Toys,Alice,13,128.08
2024-05-06,South,Toys,Charlie,19,492.37
2024-05-06,South,Clothing,Charlie,9,290.5
2024-05-06,West,Furniture,Bob,16,293.66
2024-05-06,West,Electronics,Charlie,14,312.35
2024-05-06,South,Toys,Alice,6,486.83
2024-05-06,South,Furniture,Charlie,16,351.31
2024-05-06,West,Clothing,Diana,15,456.42
2024-05-06,South,Electronics,Charlie,19,219.45
2024-05-06,East,Groceries,Alice,5,232.25
2024-05-07,East,Groceries,Bob,12,482.57
2024-05-07,North,Electronics,Bob,20,381.65
2024-05-07,South,Clothing,Ethan,1,321.17
2024-05-07,South,Toys,Ethan,16,258.42
2024-05-07,North,Electronics,Charlie,9,39.72
2024-05-07,North,Toys,Charlie,9,328.21
2024-05-08,South,Furniture,Alice,8,89.76
2024-05-08,East,Toys,Alice,19,30.07
2024-05-08,South,Electronics,Charlie,1,36.64
2024-05-08,East,Clothing,Alice,7,483.2
2024-05-08,East,Electronics,Diana,11,65.7
2024-05-08,East,Electronics,Bob,1,172.6
2024-05-09,North,Groceries,Alice,11,285.5
2024-05-09,South,Furniture,Charlie,18,450.42
2024-05-09,South,Electronics,Alice,19,348.56
2024-05-09,North,Toys,Ethan,14,352.96
2024-05-09,North,Groceries,Diana,6,96.17
2024-05-09,East,Clothing,Bob,14,279.09
2024-05-09,East,Clothing,Ethan,15,489.17
2024-05-10,North,Clothing,Diana,3,403.51
2024-05-10,South,Groceries,Ethan,18,115.2
2024-05-10,West,Clothing,Charlie,7,74.15
2024-05-10,South,Groceries,Ethan,20,481.87
2024-05-10,East,Groceries,Charlie,11,231.42
2024-05-11,West,Toys,Diana,11,487.09
2024-05-11,North,Furniture,Alice,8,385.74
2024-05-11,East,Groceries,Ethan,7,189.81
2024-05-11,East,Groceries,Bob,14,460.06
2024-05-11,North,Clothing,Alice,8,269.64
2024-05-11,East,Toys,Alice,13,144.97
2024-05-11,North,Electronics,Diana,14,135.28
2024-05-12,East,Groceries,Charlie,1,472.5
2024-05-12,East,Furniture,Bob,4,103.12
2024-05-12,West,Groceries,Diana,10,236.44
2024-05-12,East,Toys,Alice,13,395.89
2024-05-12,East,Electronics,Bob,6,74.39
2024-05-12,West,Clothing,Charlie,10,226.94
2024-05-12,West,Furniture,Charlie,20,141.55
2024-05-13,South,Toys,Diana,18,142.84
2024-05-13,East,Groceries,Diana,4,186.36
2024-05-13,South,Toys,Ethan,3,493.79
2024-05-13,North,Furniture,Bob,16,103.09
2024-05-13,East,Electronics,Charlie,18,474.15
2024-05-13,South,Furniture,Charlie,7,353.66
2024-05-13,South,Toys,Diana,13,99.96
2024-05-14,South,Furniture,Alice,4,218.73
2024-05-14,South,Toys,Bob,13,188.29
2024-05-14,East,Electronics,Alice,8,411.54
2024-05-14,East,Electronics,Ethan,3,436.26
2024-05-14,North,Clothing,Charlie,11,93.36
2024-05-14,South,Furniture,Alice,17,352.51
2024-05-14,South,Electronics,Charlie,6,50.13
2024-05-14,East,Clothing,Alice,4,225.93
2024-05-14,East,Electronics,Bob,2,156.68
2024-05-14,South,Electronics,Bob,11,328.57
2024-05-15,South,Furniture,Alice,10,203.0
2024-05-15,West,Clothing,Alice,10,480.97
2024-05-15,West,Furniture,Ethan,17,175.18
2024-05-15,North,Furniture,Bob,8,260.49
2024-05-15,West,Furniture,Charlie,5,366.43
2024-05-15,West,Electronics,Alice,10,212.52
2024-05-15,East,Toys,Charlie,12,147.64
2024-05-15,South,Furniture,Diana,5,62.94
2024-05-15,East,Furniture,Alice,14,182.49
2024-05-16,North,Toys,Alice,9,399.07
2024-05-16,South,Furniture,Ethan,6,248.0
2024-05-16,North,Furniture,Diana,12,216.19
2024-05-16,North,Electronics,Bob,7,98.05
2024-05-16,East,Clothing,Ethan,12,73.37
2024-05-16,South,Furniture,Bob,12,225.25
2024-05-16,East,Groceries,Bob,5,400.03
2024-05-17,West,Electronics,Ethan,12,136.55
2024-05-17,South,Electronics,Bob,19,99.31
2024-05-17,South,Clothing,Charlie,12,71.19
2024-05-17,South,Toys,Diana,14,302.56
2024-05-17,North,Electronics,Diana,7,428.01
2024-05-17,North,Furniture,Charlie,11,317.25
2024-05-17,South,Clothing,Ethan,4,255.47
2024-05-17,West,Groceries,Charlie,4,420.97
2024-05-18,West,Electronics,Ethan,13,255.31
2024-05-18,North,Furniture,Bob,1,193.38
2024-05-18,South,Furniture,Bob,12,24.76
2024-05-18,South,Toys,Bob,9,167.55
2024-05-18,North,Clothing,Diana,17,34.87
2024-05-18,West,Toys,Ethan,6,311.07
2024-05-19,North,Furniture,Diana,8,188.98
2024-05-19,North,Furniture,Alice,11,448.65
2024-05-19,East,Groceries,Diana,18,86.68
2024-05-19,West,Clothing,Charlie,8,62.51
2024-05-19,West,Toys,Bob,18,145.72
2024-05-19,East,Toys,Diana,17,105.29
2024-05-20,West,Toys,Bob,7,175.78
2024-05-20,West,Clothing,Charlie,18,117.21
2024-05-20,North,Furniture,Diana,19,177.79
2024-05-20,East,Electronics,Alice,7,84.62
2024-05-20,North,Groceries,Diana,9,310.19
2024-05-20,South,Toys,Charlie,13,135.32
2024-05-20,South,Electronics,Diana,18,479.19
2024-05-20,North,Furniture,Charlie,11,94.06
2024-05-21,East,Electronics,Ethan,16,491.53
2024-05-21,North,Clothing,Ethan,19,306.46
2024-05-21,South,Clothing,Alice,1,338.08
2024-05-21,South,Groceries,Charlie,7,166.4
2024-05-21,West,Clothing,Charlie,20,193.72
2024-05-22,North,Furniture,Ethan,9,190.61
2024-05-22,East,Electronics,Alice,1,33.18
2024-05-22,South,Groceries,Bob,4,46.1
2024-05-22,East,Groceries,Alice,17,285.06
2024-05-22,South,Electronics,Bob,20,266.1
2024-05-22,West,Clothing,Bob,7,499.42
2024-05-22,South,Electronics,Charlie,2,213.62
2024-05-22,North,Furniture,Diana,11,68.41
2024-05-23,North,Toys,Ethan,4,232.65
2024-05-23,East,Groceries,Bob,13,62.5
2024-05-23,East,Clothing,Diana,20,472.44
2024-05-23,South,Toys,Charlie,1,51.98
2024-05-23,South,Electronics,Bob,8,236.3
2024-05-23,South,Furniture,Ethan,8,53.11
2024-05-24,South,Toys,Diana,13,24.37
2024-05-24,South,Electronics,Alice,9,456.02
2024-05-24,East,Groceries,Bob,5,256.29
2024-05-24,North,Toys,Ethan,4,398.02
2024-05-24,West,Toys,Bob,8,396.46
2024-05-24,East,Furniture,Ethan,9,111.52
2024-05-24,West,Furniture,Diana,18,99.66
2024-05-24,East,Toys,Charlie,9,126.31
2024-05-24,East,Toys,Charlie,8,83.57
2024-05-24,East,Furniture,Ethan,18,179.87
2024-05-25,East,Electronics,Diana,16,150.86
2024-05-25,South,Toys,Alice,20,303.63
2024-05-25,East,Electronics,Diana,18,338.45
2024-05-25,West,Toys,Diana,9,199.05
2024-05-25,West,Electronics,Ethan,15,193.79
2024-05-25,North,Groceries,Charlie,13,382.31
2024-05-25,West,Furniture,Alice,17,457.53
2024-05-25,West,Electronics,Alice,7,90.03
2024-05-26,South,Toys,Alice,13,251.31
2024-05-26,West,Toys,Alice,10,93.99
2024-05-26,East,Electronics,Ethan,15,261.26
2024-05-26,North,Clothing,Diana,11,123.38
2024-05-26,South,Furniture,Ethan,2,102.61
2024-05-26,North,Furniture,Alice,20,396.81
2024-05-26,North,Electronics,Ethan,6,99.78
2024-05-26,West,Clothing,Ethan,6,191.46
2024-05-26,East,Groceries,Diana,6,476.93
2024-05-27,West,Toys,Bob,17,75.14
2024-05-27,North,Toys,Alice,20,60.63
2024-05-27,West,Toys,Ethan,6,100.31
2024-05-27,North,Toys,Bob,13,379.99
2024-05-27,South,Toys,Ethan,9,424.24
2024-05-27,East,Clothing,Ethan,17,488.04
2024-05-27,East,Furniture,Diana,3,181.63
2024-05-27,East,Electronics,Diana,18,91.78
2024-05-27,East,Groceries,Charlie,19,53.62
2024-05-28,South,Clothing,Diana,7,32.44
2024-05-28,West,Clothing,Charlie,18,485.81
2024-05-28,East,Furniture,Diana,5,192.02
2024-05-28,East,Toys,Diana,10,78.39
2024-05-28,East,Furniture,Bob,8,244.25
2024-05-28,East,Electronics,Charlie,4,188.99
2024-05-28,South,Electronics,Alice,16,218.75
2024-05-28,West,Electronics,Ethan,18,152.79
2024-05-29,North,Furniture,Ethan,13,20.21
2024-05-29,South,Electronics,Charlie,18,34.03
2024-05-29,South,Clothing,Charlie,20,48.67
2024-05-29,South,Groceries,Diana,19,369.84
2024-05-29,North,Furniture,Alice,11,402.08
2024-05-29,South,Electronics,Charlie,15,326.19
2024-05-29,East,Clothing,Alice,8,328.41
2024-05-30,South,Toys,Alice,2,70.78
2024-05-30,South,Electronics,Bob,8,302.08
2024-05-30,East,Electronics,Alice,14,112.72
2024-05-30,North,Electronics,Alice,15,476.94
2024-05-30,North,Clothing,Diana,4,316.64
2024-05-30,North,Furniture,Charlie,16,31.13
2024-05-30,West,Groceries,Charlie,16,129.6
2024-05-30,West,Toys,Charlie,1,156.12
2024-05-30,North,Electronics,Charlie,10,471.19
2024-05-31,South,Groceries,Charlie,16,320.01
2024-05-31,South,Toys,Diana,14,287.18
2024-05-31,East,Groceries,Charlie,19,201.76
2024-05-31,East,Groceries,Ethan,11,226.0
2024-05-31,North,Toys,Charlie,6,132.85
2024-05-31,West,Clothing,Ethan,10,54.47
2024-06-01,East,Clothing,Alice,13,50.77
2024-06-01,East,Groceries,Charlie,10,74.81
2024-06-01,North,Clothing,Charlie,9,216.83
2024-06-01,West,Electronics,Diana,2,119.41
2024-06-01,East,Clothing,Alice,9,264.59
2024-06-01,South,Furniture,Diana,2,458.47
2024-06-01,East,Groceries,Alice,17,333.88
2024-06-01,East,Toys,Charlie,7,299.58
2024-06-01,West,Groceries,Diana,7,413.22
2024-06-02,South,Groceries,Charlie,17,165.56
2024-06-02,East,Furniture,Bob,15,153.85
2024-06-02,West,Clothing,Alice,17,100.48
2024-06-02,West,Toys,Diana,13,439.71
2024-06-02,East,Toys,Charlie,9,142.95
2024-06-02,South,Electronics,Ethan,16,89.45
2024-06-02,West,Furniture,Charlie,15,349.45
2024-06-02,North,Toys,Charlie,8,93.3
2024-06-02,North,Clothing,Bob,15,257.65
2024-06-02,East,Furniture,Alice,11,252.77
2024-06-03,North,Groceries,Alice,12,380.73
2024-06-03,North,Clothing,Bob,15,224.15
2024-06-03,East,Groceries,Charlie,18,65.6
2024-06-03,North,Groceries,Bob,8,181.34
2024-06-03,South,Electronics,Bob,11,51.16
2024-06-03,South,Clothing,Alice,3,373.61
2024-06-03,East,Groceries,Diana,10,425.4
2024-06-04,North,Furniture,Alice,7,45.11
2024-06-04,South,Furniture,Bob,13,274.28
2024-06-04,South,Groceries,Charlie,2,43.82
2024-06-04,East,Electronics,Alice,13,494.69
2024-06-04,West,Toys,Charlie,19,339.9
2024-06-04,East,Electronics,Diana,19,383.8
2024-06-04,East,Clothing,Diana,2,325.15
2024-06-04,East,Furniture,Diana,12,429.71
2024-06-04,West,Clothing,Charlie,8,274.58
2024-06-05,East,Electronics,Bob,16,471.23
2024-06-05,West,Groceries,Alice,14,135.7
2024-06-05,East,Toys,Alice,1,462.71
2024-06-05,West,Electronics,Ethan,8,22.02
2024-06-05,North,Clothing,Ethan,4,367.19
2024-06-05,North,Furniture,Bob,1,264.1
2024-06-05,West,Furniture,Charlie,6,452.12
2024-06-05,South,Clothing,Ethan,2,457.01
2024-06-05,South,Electronics,Charlie,11,249.74
2024-06-06,West,Electronics,Diana,3,293.72
2024-06-06,West,Clothing,Charlie,3,130.6
2024-06-06,West,Furniture,Alice,6,480.83
2024-06-06,East,Electronics,Bob,13,340.81
2024-06-06,South,Clothing,Ethan,11,240.59
2024-06-06,West,Clothing,Charlie,3,95.18
2024-06-06,South,Clothing,Diana,1,253.64
2024-06-06,North,Toys,Bob,8,73.38
2024-06-07,North,Toys,Bob,19,431.87
2024-06-07,South,Furniture,Charlie,11,414.46
2024-06-07,West,Furniture,Diana,1,406.92
2024-06-07,South,Groceries,Bob,14,99.88
2024-06-07,South,Toys,Alice,12,299.2
2024-06-07,South,Furniture,Bob,1,99.97
2024-06-08,West,Groceries,Alice,11,334.11
2024-06-08,West,Electronics,Ethan,7,318.24
2024-06-08,North,Toys,Diana,12,156.19
2024-06-08,East,Toys,Ethan,15,220.7
2024-06-08,North,Electronics,Bob,18,474.43
2024-06-08,North,Electronics,Bob,12,464.0
2024-06-08,West,Groceries,Bob,13,193.56
2024-06-09,North,Clothing,Ethan,14,80.84
2024-06-09,West,Furniture,Alice,13,438.68
2024-06-09,East,Toys,Diana,16,208.66
2024-06-09,East,Furniture,Ethan,5,324.05
2024-06-09,North,Toys,Bob,5,359.68
2024-06-09,East,Furniture,Bob,14,149.72
2024-06-09,East,Toys,Diana,12,479.68
2024-06-09,East,Clothing,Alice,1,397.22
2024-06-10,East,Groceries,Bob,20,249.01
2024-06-10,West,Furniture,Charlie,18,67.8
2024-06-10,East,Clothing,Bob,19,105.51
2024-06-10,East,Toys,Ethan,2,62.2
2024-06-10,West,Clothing,Diana,8,89.93
2024-06-11,West,Groceries,Charlie,10,383.62
2024-06-11,North,Toys,Charlie,8,150.09
2024-06-11,South,Groceries,Charlie,10,336.22
2024-06-11,East,Clothing,Diana,13,314.18
2024-06-11,East,Groceries,Ethan,4,211.99
2024-06-11,South,Furniture,Diana,12,30.81
2024-06-12,South,Electronics,Charlie,8,132.27
2024-06-12,South,Clothing,Ethan,20,236.44
2024-06-12,West,Toys,Charlie,7,235.19
2024-06-12,East,Electronics,Ethan,7,184.88
2024-06-12,North,Clothing,Bob,6,481.22
2024-06-13,East,Electronics,Alice,18,84.46
2024-06-13,North,Toys,Diana,17,419.37
2024-06-13,South,Furniture,Diana,7,109.43
2024-06-13,South,Toys,Charlie,15,366.56
2024-06-13,South,Clothing,Bob,1,274.64
2024-06-13,East,Electronics,Charlie,9,260.06
2024-06-13,South,Electronics,Ethan,11,459.15
2024-06-13,South,Electronics,Alice,5,196.15
2024-06-13,East,Groceries,Diana,20,206.5
2024-06-13,North,Furniture,Alice,18,98.4
2024-06-14,West,Toys,Charlie,13,412.82
2024-06-14,South,Electronics,Charlie,20,84.8
2024-06-14,East,Electronics,Charlie,16,247.65
2024-06-14,North,Groceries,Diana,17,324.69
2024-06-14,West,Toys,Charlie,18,46.17
2024-06-14,East,Clothing,Ethan,13,265.37
2024-06-14,West,Furniture,Alice,7,463.45
2024-06-14,North,Clothing,Alice,7,395.75
2024-06-14,West,Clothing,Diana,8,433.34
2024-06-15,North,Furniture,Bob,12,49.28
2024-06-15,West,Electronics,Ethan,5,484.37
2024-06-15,North,Furniture,Charlie,19,332.28
2024-06-15,West,Furniture,Alice,2,176.1
2024-06-15,West,Furniture,Bob,2,240.67
2024-06-16,South,Electronics,Alice,15,59.24
2024-06-16,West,Furniture,Charlie,9,118.53
2024-06-16,West,Clothing,Alice,11,457.7
2024-06-16,South,Electronics,Diana,1,121.03
2024-06-16,North,Furniture,Diana,9,355.87
2024-06-16,West,Furniture,Diana,3,435.79
2024-06-16,West,Electronics,Bob,19,136.13
2024-06-16,South,Clothing,Ethan,12,45.79
2024-06-17,East,Groceries,Ethan,15,305.92
2024-06-17,West,Clothing,Charlie,14,252.66
2024-06-17,South,Groceries,Diana,20,307.64
2024-06-17,West,Groceries,Bob,15,444.47
2024-06-17,West,Electronics,Ethan,11,183.89
2024-06-17,East,Furniture,Charlie,7,448.89
2024-06-17,South,Groceries,Alice,19,21.13
2024-06-17,East,Electronics,Ethan,10,195.12
2024-06-18,North,Electronics,Bob,8,39.42
2024-06-18,East,Toys,Charlie,4,296.82
2024-06-18,North,Clothing,Bob,3,489.96
2024-06-18,South,Groceries,Ethan,12,408.28
2024-06-18,South,Furniture,Alice,6,417.55
2024-06-18,West,Electronics,Bob,7,190.83
2024-06-18,North,Groceries,Alice,2,481.78
2024-06-19,East,Clothing,Ethan,10,99.27
2024-06-19,South,Clothing,Charlie,7,364.77
2024-06-19,West,Toys,Ethan,12,107.71
2024-06-19,West,Electronics,Ethan,7,467.91
2024-06-19,North,Toys,Charlie,17,330.65
2024-06-19,East,Toys,Charlie,1,461.64
2024-06-19,West,Clothing,Bob,3,28.03
2024-06-19,South,Groceries,Bob,10,451.27
2024-06-19,North,Electronics,Diana,14,117.54
2024-06-20,West,Electronics,Alice,3,241.17
2024-06-20,North,Clothing,Diana,12,326.34
2024-06-20,North,Clothing,Diana,5,424.89
2024-06-20,East,Clothing,Ethan,2,146.85
2024-06-20,East,Electronics,Bob,1,444.33
2024-06-20,East,Toys,Ethan,5,304.7
2024-06-20,West,Clothing,Bob,16,376.52
2024-06-20,South,Groceries,Alice,17,65.06
2024-06-20,North,Groceries,Charlie,5,383.6
2024-06-21,West,Clothing,Diana,3,463.73
2024-06-21,North,Furniture,Ethan,5,257.47
2024-06-21,West,Groceries,Charlie,13,499.07
2024-06-21,North,Clothing,Diana,15,187.54
2024-06-21,West,Clothing,Alice,13,140.47
2024-06-21,North,Electronics,Ethan,6,85.44
2024-06-21,South,Furniture,Bob,14,258.99
2024-06-22,South,Groceries,Alice,17,227.18
2024-06-22,East,Toys,Ethan,16,99.7
2024-06-22,North,Furniture,Alice,9,93.26
2024-06-22,West,Electronics,Alice,20,26.76
2024-06-22,North,Electronics,Ethan,6,328.04
2024-06-22,East,Groceries,Ethan,13,343.12
2024-06-22,North,Furniture,Charlie,2,467.68
2024-06-22,North,Furniture,Alice,12,33.31
2024-06-22,East,Clothing,Charlie,15,205.91
2024-06-23,East,Furniture,Alice,4,155.49
2024-06-23,East,Electronics,Bob,5,349.52
2024-06-23,South,Toys,Diana,13,396.14
2024-06-23,North,Clothing,Ethan,18,402.93
2024-06-23,West,Clothing,Bob,13,294.23
2024-06-24,East,Electronics,Bob,1,234.08
2024-06-24,West,Toys,Diana,11,95.63
2024-06-24,East,Clothing,Diana,18,492.19
2024-06-24,North,Furniture,Charlie,19,209.75
2024-06-24,North,Toys,Bob,17,376.97
2024-06-24,West,Groceries,Ethan,14,470.65
2024-06-24,West,Toys,Alice,2,389.82
2024-06-24,East,Clothing,Charlie,1,126.31
2024-06-24,East,Electronics,Diana,8,493.83
2024-06-25,West,Furniture,Charlie,4,312.14
2024-06-25,East,Furniture,Charlie,16,382.82
2024-06-25,East,Furniture,Ethan,8,377.87
2024-06-25,East,Clothing,Ethan,20,58.54
2024-06-25,South,Furniture,Charlie,10,207.97
2024-06-25,South,Toys,Bob,17,291.85
2024-06-26,South,Clothing,Diana,2,210.58
2024-06-26,West,Electronics,Ethan,15,428.14
2024-06-26,South,Furniture,Diana,12,178.81
2024-06-26,North,Electronics,Bob,5,48.86
2024-06-26,North,Clothing,Diana,1,43.32
2024-06-26,East,Electronics,Ethan,2,378.54
2024-06-27,South,Clothing,Charlie,5,318.41
2024-06-27,North,Toys,Diana,20,452.84
2024-06-27,West,Electronics,Diana,12,360.49
2024-06-27,North,Groceries,Charlie,15,273.26
2024-06-27,West,Groceries,Charlie,6,307.49
2024-06-27,North,Toys,Ethan,17,253.44
2024-06-27,North,Toys,Alice,20,112.62
2024-06-27,West,Electronics,Diana,12,373.29
2024-06-27,South,Electronics,Ethan,9,495.61
2024-06-28,North,Electronics,Alice,10,147.85
2024-06-28,South,Clothing,Alice,2,178.73
2024-06-28,West,Groceries,Bob,6,287.5
2024-06-28,South,Furniture,Alice,6,475.49
2024-06-28,South,Furniture,Ethan,2,256.19
2024-06-28,South,Groceries,Diana,12,335.96
2024-06-28,South,Clothing,Bob,20,200.61
2024-06-28,East,Toys,Alice,17,49.82
2024-06-28,South,Furniture,Charlie,1,469.9
2024-06-28,East,Groceries,Charlie,1,135.7
2024-06-29,North,Clothing,Diana,11,268.03
2024-06-29,East,Groceries,Diana,18,257.88
2024-06-29,East,Electronics,Bob,11,323.23
2024-06-29,North,Electronics,Bob,5,187.97
2024-06-29,North,Clothing,Bob,18,419.6
2024-06-29,West,Furniture,Diana,12,275.42
2024-06-29,East,Groceries,Bob,11,135.03
2024-06-30,East,Toys,Alice,11,51.49
2024-06-30,North,Toys,Ethan,14,382.79
2024-06-30,North,Electronics,Diana,5,212.79
2024-06-30,South,Groceries,Bob,5,116.51
2024-06-30,West,Clothing,Diana,7,330.45
2024-06-30,South,Groceries,Diana,3,228.71
2024-06-30,South,Groceries,Diana,9,145.47
2024-06-30,East,Furniture,Alice,2,191.1
2024-06-30,West,Toys,Bob,14,206.68
